date,ticker,name,value_pln,current_price,pe_ratio,quantity,portfolio
2026-09-16,V80A_IKZE,Vanguard LifeStrategy 80% Equity UCITS ETF,16249.75,43.63,,85,Long term
2026-09-16,VWCE_IKE,Vanguard FTSE All-World UCITS ETF,16497.1,125.5,21.02,30,Long term
2026-09-19,DEGIRO_CASH_EUR,Degiro Cash Balance (EUR),10750,1,,2500,safety
2026-09-19,IE000YYE6WK5,VanEck Defense UCITS ETF (USD) Acc,11094,44.2,,50,aggressive
2026-09-19,IE00BK5BQT80,Vanguard FTSE All-World UCITS ETF (USD) Acc,16189.5,125.5,,30,long_term
2026-09-19,IE00BMVB5R75,Vanguard LifeStrategy 80% Equity UCITS ETF (EUR) Acc,18834,43.8,,100,long_term
2026-09-19,PLKGHM000017,KGHM Polska Miedz SA,17500,350,14.5,50,aggressive
2026-09-19,SAMPLE_BANK_DEPOSIT,Emergency Bank High-Yield Savings,50000,1,,50000,safety
2026-09-19,SAMPLE_EDO_BOND,Polish Retail 10-Year Inflation Bond (EDO),30000,100,,300,safety
2026-09-19,SAMPLE_PHYSICAL_GOLD,1 oz Physical Gold Bullion (Vienna Philharmonic),10500,10500,,1,long_term
2026-09-19,SAMPLE_REAL_ESTATE,Investment Studio Apartment,350000,350000,,1,long_term
2026-09-19,US5949181045,Microsoft Corporation,16575,425,35.2,10,aggressive
2026-10-02,EDO0936_20360901,EDO0936_20360901,10050,100.5,,100,Long term
2026-10-02,OTS0127_20270101,OTS0127_20270101,5000,100,,50,Long term
2026-10-02,ROD0838_20380826,ROD0838_20380826,15079.5,100.53,,150,Safety net
2026-10-05,DEGIRO_CASH_EUR,Degiro Cash Balance (EUR),10954.25,1,,2500,
2026-10-05,EDO0936_20360901,EDO0936_20360901,10050,100.5,,100,Long term
2026-10-05,EXANTE_CASH_EUR,EUR Cash,6572.55,1,,1500,
2026-10-05,EXANTE_CASH_USD,USD Cash,3125.72,1,,800,
2026-10-05,IE000YYE6WK5,VanEck Defense UCITS ETF (USD) Acc,11411.53,44.2,30.48,50,aggressive
2026-10-05,IE00BMVB5R75,Vanguard LifeStrategy 80% Equity UCITS ETF (EUR) Acc,19191.85,43.8,,100,long_term
2026-10-05,OTS0127_20270101,OTS0127_20270101,5000,100,,50,Long term
2026-10-05,PLKGHM000017,KGHM Polska Miedz SA,17500,350,14.5,50,aggressive
2026-10-05,ROD0838_20380826,ROD0838_20380826,15079.5,100.53,,150,Safety net
2026-10-05,US5949181045,Microsoft Corporation,16429.57,420.5,35.2,10,aggressive
